rank,appid
1,1422450
2,2719590
3,4534960
4,2769570
5,1774880
6,4115450
7,4199910
8,2109770
9,4824610
10,1846700
11,1757350
12,2050420
13,4095380
14,2381520
15,2590240
16,2963950
17,5006530
18,2272360
19,2929250
20,3292470
21,3727390
22,3558670
23,2873440
24,3710600
25,1340720
26,2814860
27,2582960
28,2231020
29,4077740
30,1940080
31,2340970
32,3978820
33,3016620
34,2649560
35,1280190
36,2828710
37,1687540
38,4231820
39,2179480
40,1313230
41,4743930
42,2724650
43,2956040
44,2161710
45,3255110
46,2861080
47,3864580
48,2439280
49,3161310
50,2610770
51,2295170
52,2254990
53,1228610
54,2318330
55,4354570
56,3230960
57,4260840
58,3809270
59,1952620
60,3337850
61,4435490
62,3259780
63,2692660
64,3073940
65,5072600
66,1752080
67,1373910
68,1586260
69,2454980
70,1536500
71,3281420
72,2153760
73,2239770
74,2090210
75,4228810
76,2849490
77,1551980
78,3371050
79,4150720
80,1818140
81,4031890
82,3517740
83,4829700
84,3788800
85,4767480
86,2165810
87,2235430
88,2924520
89,3218230
90,3283240
91,1257610
92,1416070
93,1614330
94,2871520
95,4614080
96,3078150
97,1579420
98,2437390
99,4258290
100,3714800
101,2800370
102,2838950
103,3219030
104,2855590
105,1667040
106,3669200
107,2141130
108,3092530
109,4814120
110,3642910
111,3426150
112,2376260
113,3629430
114,4369620
115,2208810
116,1572000
117,4293910
118,3199500
119,1731290
120,3401960
121,3633680
122,3126410
123,2055770
124,1573550
125,4348760
126,2254950
127,1388550
128,1701840
129,388860
130,2063390
131,3669620
132,3230430
133,2617340
134,1400830
135,3516100
136,3751230
137,3767320
138,3260750
139,2315050
140,3563080
141,4665290
142,3581230
143,1728620
144,1203170
145,4954910
146,4198090
147,1977610
148,2708860
149,2705130
150,2595260
151,3970690
152,3796990
153,3209660
154,1637460
155,3055670
156,1967610
157,3115160
158,4146000
159,2339840
160,1963680
161,1209970
162,4576490
163,3942260
164,1173980
165,1559720
166,2333000
167,1857810
168,3571870
169,3620480
170,1670650
171,1373530
172,2885380
173,2828020
174,4348910
175,3809850
176,2177510
177,1739080
178,3041680
179,3184960
180,3590650
181,2320980
182,2947860
183,2470010
184,1685310
185,3079190
186,2017940
187,1723610
188,2024600
189,2359600
190,2768300
191,1401370
192,3524720
193,4910490
194,3973300
195,895160
196,3333850
197,3875690
198,3424730
199,1327040
200,1672320
201,3327430
202,3883570
203,4328440
204,4210060
205,4094350
206,499170
207,2536510
208,3816030
209,1798230
210,2388620
211,2295060
212,2131860
213,4687500
214,2550530
215,4096780
216,914210
217,612400
218,2948730
219,3031890
220,4171850
221,2865960
222,3438920
223,3216600
224,3486530
225,1853440
226,2168390
227,3314580
228,3660710
229,3423280
230,311810
231,3729700
232,2223980
233,4890760
234,4005900
235,2701030
236,3216520
237,2192380
238,4084710
239,2387670
240,3238940
241,2121510
242,2411280
243,4498220
244,1741170
245,3846830
246,3645160
247,3767660
248,306910
249,3851260
250,1883810
251,4311530
252,1699050
253,4894750
254,2967950
255,1661330
256,4212050
257,1727760
258,4920230
259,5160800
260,2239670
261,3295000
262,3522600
263,763310
264,5276140
265,881940
266,3023930
267,2924540
268,4651830
269,3245140
270,3856530
271,3211720
272,2365790
273,3847920
274,4879420
275,939530
276,3677050
277,1799840
278,3355360
279,3062170
280,3102780
281,2326200
282,3512480
283,4400930
284,3765640
285,4221910
286,4604540
287,4061170
288,3708010
289,3247960
290,3086590
291,2975260
292,4729320
293,1490930
294,3757140
295,3714450
296,3734220
297,3014650
298,3564490
299,3345210
300,3884860
301,4253010
302,3569420
303,2872300
304,3983000
305,1363940
306,2193600
307,3204330
308,4048520
309,3937470
310,3645050
311,1994000
312,2675650
313,2487190
314,2400840
315,2680280
316,2512880
317,2753930
318,4968640
319,2190700
320,2988120
321,4093320
322,3077640
323,4182190
324,3485810
325,2146290
326,3000460
327,2957360
328,2843060
329,4452700
330,2402470
331,3725190
332,2638690
333,2551550
334,4189120
335,3752650
336,3918200
337,4465790
338,5159870
339,2152500
340,1215940
341,1884870
342,3470140
343,4119710
344,3224600
345,2916700
346,3621390
347,2786710
348,4213030
349,3499590
350,2882720
351,4669960
352,3581730
353,1675260
354,4440650
355,3617830
356,1332100
357,1540720
358,3545560
359,1255460
360,771800
361,4788240
362,2870790
363,3010270
364,3061930
365,1340380
366,4253770
367,2587620
368,1051440
369,4502890
370,3090810
371,2889030
372,2805070
373,4102480
374,3218350
375,2468200
376,3218570
377,1675680
378,4223290
379,2566700
380,2287430
381,2988030
382,4171660
383,3560050
384,888780
385,3270430
386,3131640
387,3956640
388,2303200
389,4657920
390,2638080
391,4732690
392,3647010
393,2261380
394,3793190
395,3710210
396,4982940
397,1872800
398,3509420
399,4174160
400,3031880
401,3499790
402,3895110
403,3910680
404,4533950
405,3299050
406,3392040
407,3886530
408,4713940
409,2185510
410,2710740
411,4664240
412,4245560
413,1787230
414,2738170
415,2353050
416,4536610
417,2302470
418,862750
419,2764530
420,950660
421,4785110
422,3639060
423,4928450
424,2744160
425,4111570
426,3668850
427,1256270
428,3276190
429,1891280
430,2578510
431,4492060
432,2593290
433,3511540
434,1747470
435,1792460
436,2175840
437,3333990
438,5072700
439,1840880
440,3223070
441,3730310
442,2785740
443,3299300
444,3749580
445,3582810
446,1631920
447,4057480
448,3702100
449,4554250
450,2439770
451,2526570
452,2915730
453,3703360
454,3462190
455,4767090
456,2189430
457,5246700
458,4162340
459,792610
460,3489340
461,3281970
462,3299920
463,3763840
464,4393700
465,3687090
466,3081510
467,4049180
468,3756700
469,1752990
470,2742920
471,1777480
472,3274530
473,2088020
474,1979810
475,4251460
476,2087540
477,3680100
478,3787050
479,1976830
480,4859110
481,1547540
482,3710850
483,4868310
484,3668330
485,2362260
486,1166890
487,3596430
488,4518240
489,3606970
490,2239640
491,3012600
492,3166050
493,4112270
494,4877950
495,3245640
496,2669060
497,1561740
498,4124340
499,2556470
500,2961930
501,1578940
502,4253570
503,2981340
504,2348250
505,4632350
506,3960600
507,3707530
508,3802140
509,2210150
510,4239670
511,2979810
512,4502750
513,2601540
514,3439880
515,3591510
516,3694600
517,1154960
518,2478130
519,4328820
520,3997960
521,2796220
522,1146670
523,1159390
524,3051160
525,2559370
526,4358660
527,2826790
528,2082980
529,2509360
530,2593320
531,4039200
532,4418080
533,4067370
534,3107870
535,3833280
536,3405880
537,4434610
538,1447250
539,1593010
540,4244910
541,3574750
542,3681610
543,3447280
544,4687860
545,1779540
546,2786760
547,3183480
548,2915770
549,2522120
550,4175180
551,3015820
552,2914820
553,3107290
554,3141390
555,2409320
556,3094690
557,2872240
558,4533250
559,3001740
560,2434830
561,5123770
562,4507990
563,4413070
564,4017880
565,4459590
566,4623290
567,2960460
568,2852700
569,1113400
570,1053900
571,4230950
572,3595450
573,3603000
574,4821880
575,3871670
576,4414560
577,4267860
578,5186030
579,4280880
580,3963620
581,2251970
582,3470960
583,1917990
584,3305930
585,4156710
586,3115870
587,2409660
588,2663960
589,3631230
590,2248150
591,4846360
592,1207360
593,3058660
594,4686110
595,2837690
596,3008640
597,3135380
598,4438080
599,1906190
600,4218620
601,4216080
602,4745600
603,2600920
604,4151300
605,1186430
606,2573060
607,4683260
608,1624930
609,2781660
610,687440
611,2640090
612,4661070
613,1779610
614,3664440
615,1792100
616,4078190
617,4163270
618,4089140
619,4096830
620,3024130
621,2643540
622,860210
623,3883910
624,2614370
625,3743140
626,2893350
627,4664840
628,2160070
629,3268370
630,3799530
631,5001840
632,4108680
633,2987350
634,3587020
635,2974160
636,3676410
637,4876650
638,4753290
639,3669430
640,1622130
641,2262630
642,2581850
643,4498480
644,3456950
645,4119090
646,3469910
647,4738100
648,4735760
649,1149450
650,4317460
651,4574370
652,2789680
653,3498720
654,4029090
655,2302120
656,4200960
657,4461460
658,3798860
659,3185060
660,3176500
661,3948160
662,1748280
663,3596040
664,2589980
665,3644020
666,4346690
667,3778820
668,4259360
669,1460210
670,2193150
671,1260940
672,4687390
673,3470500
674,3744040
675,2251170
676,4115300
677,1505940
678,2946850
679,2411200
680,2530870
681,3225880
682,2616540
683,3397040
684,3915840
685,3846900
686,4822580
687,2960250
688,2961860
689,4413130
690,3839180
691,443190
692,3905010
693,2544820
694,1101370
695,1872970
696,3154460
697,4771290
698,2244700
699,969330
700,4954970
701,3788160
702,1937070
703,2708040
704,3335310
705,3812830
706,2261560
707,4267870
708,4383190
709,4704000
710,3838790
711,3925150
712,3348640
713,908770
714,3144010
715,2464520
716,4170840
717,2266890
718,3922000
719,4430020
720,2975680
721,3864190
722,3123130
723,3989240
724,4504970
725,4416300
726,3804800
727,4287480
728,4114100
729,4824220
730,2935800
731,1104600
732,1443980
733,4532500
734,994680
735,1167820
736,3434920
737,4358270
738,3078140
739,2726580
740,3078760
741,4717850
742,2666580
743,3481610
744,3714000
745,3809080
746,1368050
747,2355020
748,2541950
749,3399240
750,3370490
751,4214960
752,4186890
753,3891160
754,3470850
755,3218100
756,3473430
757,2671300
758,4018380
759,2487330
760,2659410
761,2400980
762,4400800
763,3038500
764,1511480
765,4123800
766,4278970
767,4734550
768,2275860
769,2220860
770,4043740
771,2831170
772,4090310
773,2885330
774,3867570
775,4530370
776,2920220
777,4312190
778,3758950
779,2413800
780,2895410
781,2346870
782,3548810
783,2065580
784,3695930
785,2842310
786,3183080
787,4839390
788,4061090
789,4200110
790,1879250
791,3100690
792,3477910
793,694320
794,3264150
795,2052300
796,3867130
797,3685570
798,3810050
799,3066300
800,1238190
801,3551140
802,4564150
803,2936810
804,4176460
805,1963690
806,3878760
807,1445880
808,2548880
809,4618570
810,4244770
811,4336170
812,4487060
813,2731030
814,4716160
815,2321960
816,5056630
817,2702430
818,2613150
819,2822720
820,3617990
821,4540840
822,3893290
823,2788210
824,3845010
825,2444760
826,2945040
827,3219360
828,1924600
829,1606970
830,4049810
831,5024530
832,2679070
833,1171980
834,2356360
835,2616100
836,3348370
837,3905500
838,3296060
839,2676350
840,1688640
841,4892120
842,3602270
843,1349300
844,2389020
845,1871640
846,3376960
847,2372340
848,3036260
849,2378230
850,2313380
851,1048250
852,2743290
853,1361090
854,3764400
855,4691270
856,3325070
857,1403850
858,2155070
859,1343010
860,2792320
861,3266110
862,4040060
863,5118500
864,5019180
865,3618000
866,3201450
867,2665020
868,2322260
869,2406140
870,3262820
871,395830
872,2228250
873,1402820
874,2362070
875,3459340
876,1108600
877,2156390
878,3564500
879,3164230
880,1046920
881,2085080
882,3699910
883,2929290
884,4420980
885,4768160
886,2420570
887,937450
888,3758090
889,3445250
890,3419080
891,1842040
892,4928430
893,1268790
894,2083660
895,2869850
896,4373620
897,1879940
898,4413210
899,1577230
900,2363200
901,1415230
902,3464670
903,1803110
904,5037200
905,3440200
906,3340880
907,4049170
908,3523120
909,2852140
910,4244460
911,2591790
912,3080520
913,925500
914,4193690
915,2303850
916,2787850
917,4715160
918,3845070
919,2405340
920,2106730
921,2231980
922,2359660
923,4982920
924,4012150
925,2134470
926,3660260
927,1403030
928,764930
929,2751070
930,3620530
931,1362000
932,1163020
933,4181850
934,3035270
935,3130220
936,1680780
937,4045480
938,811760
939,3919900
940,4024440
941,2561460
942,1394650
943,4258880
944,3703630
945,3125320
946,3113580
947,3726180
948,1894140
949,2184280
950,3356660
951,5096600
952,2750400
953,4009490
954,3408450
955,4414860
956,4247140
957,1722610
958,3322630
959,3301510
960,4754550
961,4563860
962,3106270
963,2740750
964,4271520
965,1968940
966,3280240
967,4328840
968,3411810
969,2545200
970,1158190
971,2861090
972,2700560
973,1774190
974,2559740
975,2571410
976,3908100
977,2141160
978,4269150
979,3370970
980,2440760
981,2548410
982,2059980
983,3722130
984,1815150
985,2494020
986,3681260
987,1205660
988,1707680
989,4261180
990,4414620
991,1257480
992,1659360
993,2999670
994,2601530
995,2664600
996,3975260
997,2688780
998,2847780
999,3278930
1000,1390760
1001,1920290
1002,3068720
1003,4878690
1004,2601980
1005,5266240
1006,4042070
1007,2749920
1008,2841710
1009,3829400
1010,2441590
1011,4784080
1012,1355900
1013,1965550
1014,2824520
1015,3264980
1016,3251540
1017,2795110
1018,4521700
1019,3395320
1020,3788110
1021,4623300
1022,3447460
1023,3195360
1024,2155140
1025,2513270
1026,3846360
1027,2421000
1028,3620610
1029,5057350
1030,1732910
1031,3534150
1032,1359270
1033,2681560
1034,3122600
1035,1761210
1036,2168070
1037,4308420
1038,3738890
1039,1352140
1040,3695350
1041,3475880
1042,3439410
1043,3261450
1044,1818660
1045,4096880
1046,1927360
1047,3561320
1048,4020810
1049,4703930
1050,3519480
1051,3018390
1052,2583660
1053,4631740
1054,5072430
1055,2713380
1056,4143000
1057,3743260
1058,2932260
1059,2390130
1060,2159260
1061,1630450
1062,2626570
1063,3546610
1064,4123070
1065,2471680
1066,3175790
1067,2738660
1068,2370280
1069,2166730
1070,1323140
1071,2201470
1072,4400790
1073,3688110
1074,1196230
1075,669270
1076,1633850
1077,2517940
1078,3545200
1079,2415030
1080,2744430
1081,2561630
1082,3109590
1083,3538070
1084,4234750
1085,4208770
1086,5032500
1087,3054550
1088,3530630
1089,1376880
1090,1531180
1091,2991310
1092,3107530
1093,4633090
1094,3500810
1095,3973160
1096,2697620
1097,4374530
1098,4331110
1099,1808160
1100,4466940
1101,4905780
1102,912000
1103,2711690
1104,4628160
1105,4374950
1106,4295810
1107,3309550
1108,2949750
1109,4121600
1110,3460960
1111,2666160
1112,3355070
1113,3275120
1114,3432980
1115,1116390
1116,1905580
1117,1287610
1118,4556530
1119,2526200
1120,2271050
1121,4167200
1122,2620450
1123,3483820
1124,2790850
1125,3284200
1126,2706400
1127,1918830
1128,2334930
1129,2685100
1130,2888960
1131,4310270
1132,575020
1133,3030560
1134,4099630
1135,3600170
1136,4944410
1137,3833810
1138,4239080
1139,2175180
1140,3727090
1141,3867190
1142,1252070
1143,4417410
1144,4004820
1145,5208540
1146,3151360
1147,2591230
1148,3012300
1149,4529850
1150,3810510
1151,1579210
1152,4196910
1153,4327900
1154,2830070
1155,4516190
1156,1503170
1157,1874090
1158,2565010
1159,3542500
1160,4127280
1161,1963190
1162,2495320
1163,3424910
1164,2415500
1165,3273260
1166,2027760
1167,2152570
1168,1387640
1169,2564450
1170,3794520
1171,1742440
1172,2974510
1173,4959300
1174,4808030
1175,3082730
1176,2459030
1177,2217470
1178,4354610
1179,3412600
1180,2687200
1181,1439270
1182,1868210
1183,1999930
1184,2202650
1185,4117830
1186,3000510
1187,1276510
1188,1752530
1189,4542740
1190,3745920
1191,3235000
1192,4218360
1193,4193010
1194,2151810
1195,1617230
1196,2340460
1197,4555210
1198,3126990
1199,3867180
1200,3152440
1201,2584400
1202,3361480
1203,1575790
1204,4442750
1205,3716910
1206,1286190
1207,4066670
1208,1837730
1209,1093810
1210,3282110
1211,2379350
1212,3649680
1213,3856030
1214,3130110
1215,2661310
1216,2384640
1217,1111840
1218,3640840
1219,2939510
1220,4204610
1221,3804760
1222,1830110
1223,2468250
1224,4372950
1225,3148560
1226,3094870
1227,3592940
1228,3433000
1229,2646170
1230,4165760
1231,4746630
1232,1931040
1233,3621690
1234,3504490
1235,3987060
1236,2870250
1237,4018330
1238,1143070
1239,4054220
1240,4485020
1241,1482470
1242,2173770
1243,2873750
1244,2281620
1245,2958550
1246,2546810
1247,4085430
1248,2236190
1249,3357310
1250,1826020
1251,3689540
1252,1428600
1253,4624650
1254,3466240
1255,971700
1256,2257440
1257,2728050
1258,1958160
1259,3258580
1260,4783760
1261,3232690
1262,4110770
1263,2525210
1264,1717730
1265,2298250
1266,3164360
1267,3278790
1268,3819700
1269,4098030
1270,1142570
1271,1445190
1272,2747660
1273,3763470
1274,2379820
1275,4744030
1276,1468400
1277,2433560
1278,1518330
1279,4572120
1280,2528170
1281,2860490
1282,3469420
1283,4087530
1284,2482760
1285,3174780
1286,2853430
1287,3334760
1288,3299820
1289,2022610
1290,2518790
1291,4420730
1292,4437450
1293,4861420
1294,1384180
1295,3285880
1296,2778110
1297,3577020
1298,2994190
1299,1959280
1300,2113960
1301,2593980
1302,4060980
1303,4441110
1304,3831680
1305,1065740
1306,3188660
1307,2666920
1308,3377450
1309,1686230
1310,2022640
1311,3193330
1312,1409460
1313,3378100
1314,3256040
1315,4339680
1316,3079170
1317,2278950
1318,3086670
1319,2964560
1320,3594610
1321,1363400
1322,1736220
1323,3370270
1324,4366780
1325,4124320
1326,2524200
1327,4105540
1328,4178100
1329,2242340
1330,2983860
1331,2893250
1332,4738460
1333,2591630
1334,2214460
1335,1288540
1336,4341010
1337,2077890
1338,4183580
1339,3714420
1340,3976770
1341,2154420
1342,3688240
1343,2243990
1344,2681870
1345,2771630
1346,433970
1347,3832030
1348,4417350
1349,4211060
1350,4882000
1351,2734480
1352,4202430
1353,1792390
1354,2243690
1355,1493430
1356,3447730
1357,4228630
1358,3869940
1359,4418500
1360,2233390
1361,4279510
1362,3941680
1363,4559930
1364,3755120
1365,2795590
1366,3460400
1367,3758980
1368,3053470
1369,3833730
1370,3492120
1371,3983620
1372,3121890
1373,3826670
1374,3740090
1375,3851090
1376,4199960
1377,2101420
1378,2748140
1379,1179020
1380,2986110
1381,2542310
1382,1187640
1383,5058430
1384,904510
1385,2275750
1386,492540
1387,4430260
1388,2857810
1389,3869500
1390,1342400
1391,2154780
1392,3668300
1393,1574290
1394,2349630
1395,3563470
1396,3885720
1397,1294620
1398,2825550
1399,3513120
1400,1456830
1401,2981400
1402,4760480
1403,1825030
1404,3601680
1405,4487450
1406,4761940
1407,5306540
1408,3017770
1409,4644870
1410,3353430
1411,4225250
1412,4024450
1413,3924780
1414,2360820
1415,1030780
1416,2577430
1417,3774860
1418,3316500
1419,2861730
1420,2520400
1421,3557360
1422,4559400
1423,4193590
1424,4001650
1425,2621540
1426,3572090
1427,2543660
1428,3736800
1429,1191960
1430,3136340
1431,5201040
1432,5185750
1433,4034350
1434,4421670
1435,1435900
1436,4059000
1437,4165660
1438,3718160
1439,4110140
1440,4990840
1441,2595110
1442,3619580
1443,3588150
1444,2999120
1445,2301240
1446,1468110
1447,3309290
1448,3187650
1449,4997000
1450,2537650
1451,3445610
1452,1735370
1453,5063690
1454,2658410
1455,3500460
1456,3227900
1457,4423270
1458,5108070
1459,4702700
1460,1387810
1461,2741550
1462,3074980
1463,1730790
1464,3052150
1465,3557890
1466,1684370
1467,3479080
1468,1163350
1469,2755990
1470,3769800
1471,3103620
1472,3778610
1473,2329690
1474,3512750
1475,4123930
1476,3864940
1477,1303940
1478,2465380
1479,4762680
1480,2707670
1481,4113160
1482,2366590
1483,3380100
1484,2921580
1485,3454770
1486,2775830
1487,3156020
1488,2593570
1489,4736790
1490,2962320
1491,1253800
1492,3238520
1493,4564640
1494,2780230
1495,1621910
1496,3353450
1497,2451040
1498,3159750
1499,1617120
1500,2561340
1501,3177710
1502,1892100
1503,4462580
1504,4991240
1505,3581910
1506,3197890
1507,2686570
1508,2539340
1509,3746560
1510,1602300
1511,1502750
1512,2501620
1513,3993370
1514,3336070
1515,2710920
1516,2976030
1517,4671450
1518,3254990
1519,4940930
1520,4582880
1521,2636460
1522,994560
1523,3572310
1524,1851420
1525,1902860
1526,3781790
1527,3333190
1528,2752020
1529,1941640
1530,3818090
1531,1487570
1532,2897710
1533,4093640
1534,2396760
1535,983680
1536,1797850
1537,3415640
1538,3276270
1539,4924160
1540,3012400
1541,3875960
1542,1261370
1543,3449370
1544,3836490
1545,4441950
1546,4789870
1547,3610790
1548,3209950
1549,2917940
1550,1120790
1551,2073150
1552,2562390
1553,2381500
1554,4968940
1555,2639270
1556,1416360
1557,2605900
1558,1662050
1559,4829820
1560,3867160
1561,3694190
1562,2374540
1563,2485410
1564,4411580
1565,2058960
1566,2027030
1567,4304060
1568,1713730
1569,1766500
1570,685560
1571,2174510
1572,3822320
1573,3770380
1574,4207990
1575,3751860
1576,1965470
1577,2542170
1578,4027620
1579,1512190
1580,2353010
1581,3484950
1582,2716830
1583,3724300
1584,3738130
1585,3919810
1586,3772190
1587,3168560
1588,1019932
1589,3541250
1590,3339080
1591,3459050
1592,3332120
1593,782940
1594,4287040
1595,612660
1596,2789020
1597,4996830
1598,1916410
1599,2427980
1600,1286230
1601,3574200
1602,3851600
1603,2079920
1604,3673500
1605,3715770
1606,4660170
1607,3239830
1608,2547010
1609,4620600
1610,3749830
1611,3613860
1612,4377480
1613,3432860
1614,4398500
1615,3533390
1616,4126510
1617,2629710
1618,4830110
1619,4605900
1620,4697880
1621,4353330
1622,942220
1623,1356250
1624,2115210
1625,905240
1626,2361560
1627,2118890
1628,4768180
1629,2134720
1630,2590330
1631,3161350
1632,1883360
1633,1303400
1634,3004280
1635,4704920
1636,2856410
1637,2923140
1638,5107900
1639,4498320
1640,4096150
1641,3894830
1642,3010150
1643,3453490
1644,1318190
1645,4402330
1646,3039980
1647,4226560
1648,1647220
1649,2284140
1650,2211630
1651,1380980
1652,1549600
1653,1120330
1654,3925750
1655,4206080
1656,1557140
1657,1522360
1658,4910010
1659,2855360
1660,2971410
1661,5182350
1662,2514620
1663,1325580
1664,1166660
1665,5086460
1666,3845210
1667,3616280
1668,1561080
1669,1836400
1670,3922560
1671,5069130
1672,5067360
1673,5145940
1674,4932930
1675,4678470
1676,3560630
1677,1847180
1678,2165040
1679,4402200
1680,4055780
1681,4549500
1682,1823210
1683,2814880
1684,4001820
1685,3547910
1686,2446660
1687,2408030
1688,3783980
1689,1725710
1690,4663760
1691,2453200
1692,3630010
1693,1207690
1694,3970880
1695,1043850
1696,3628050
1697,1157900
1698,4463520
1699,3404880
1700,2304360
1701,1761910
1702,4167640
1703,847720
1704,2470790
1705,1159150
1706,1576780
1707,3720330
1708,1724080
1709,2349420
1710,4090650
1711,3977340
1712,4113000
1713,3681340
1714,4624180
1715,4302700
1716,3900950
1717,2809200
1718,1668340
1719,4576910
1720,3014860
1721,2954590
1722,3366370
1723,2127730
1724,3950940
1725,2275010
1726,4250680
1727,3814960
1728,2618130
1729,1735880
1730,1705720
1731,2628450
1732,3410390
1733,3275210
1734,3519500
1735,3456660
1736,1636680
1737,3806350
1738,4414110
1739,3695630
1740,4071650
1741,4511680
1742,1641040
1743,4670880
1744,2184080
1745,4859500
1746,2334600
1747,473750
1748,4528040
1749,1537440
1750,1892580
1751,2911270
1752,2809220
1753,2776910
1754,4683590
1755,3170130
1756,4588510
1757,4375420
1758,3323210
1759,4463840
1760,3088510
1761,2139040
1762,2246370
1763,4563410
1764,2334320
1765,1292510
1766,4713280
1767,3789230
1768,4372780
1769,1689130
1770,4603230
1771,3387240
1772,3071440
1773,3297110
1774,3814270
1775,3347910
1776,2507690
1777,2497020
1778,2506520
1779,3188510
1780,4056370
1781,3557160
1782,2503230
1783,3962240
1784,1890780
1785,2082570
1786,4632020
1787,3794620
1788,2695810
1789,1472730
1790,1652580
1791,2640200
1792,5068970
1793,2954010
1794,4216230
1795,1368180
1796,2329070
1797,4282780
1798,3714280
1799,1193170
1800,3097730
1801,3594530
1802,3710560
1803,4158980
1804,3227500
1805,1386720
1806,2249060
1807,2363280
1808,3452720
1809,3659460
1810,3502970
1811,2198310
1812,5189950
1813,2185250
1814,3622350
1815,3683940
1816,2499780
1817,2076210
1818,2523380
1819,3638680
1820,4900890
1821,2218540
1822,3002130
1823,3150620
1824,5035380
1825,3581760
1826,3335460
1827,3523850
1828,2014520
1829,3813870
1830,4444800
1831,812910
1832,3411900
1833,4982870
1834,4176140
1835,3516660
1836,3892370
1837,1066740
1838,2271150
1839,3850980
1840,4622160
1841,2075460
1842,1188870
1843,3906460
1844,2990190
1845,2402500
1846,4818880
1847,4556380
1848,3620240
1849,1773220
1850,4240620
1851,3002550
1852,4183770
1853,1725980
1854,3933180
1855,2642390
1856,3485580
1857,3743810
1858,1876420
1859,2902720
1860,3718500
1861,2937690
1862,4916200
1863,1324400
1864,4080520
1865,816070
1866,2290870
1867,3855850
1868,2780040
1869,2635440
1870,2611240
1871,1113080
1872,1354980
1873,3179370
1874,3045530
1875,3772990
1876,1801140
1877,2611600
1878,2731290
1879,2227100
1880,2899350
1881,748810
1882,4223760
1883,355750
1884,3989650
1885,2925520
1886,4139200
1887,3498700
1888,3607300
1889,3153700
1890,3417530
1891,3299450
1892,1103820
1893,3345260
1894,4882500
1895,2549040
1896,2578180
1897,1635640
1898,2434930
1899,3990360
1900,4152490
1901,3139290
1902,2352230
1903,3705900
1904,4138920
1905,1303090
1906,3010170
1907,3177760
1908,4151070
1909,3348210
1910,3948470
1911,3372500
1912,3966800
1913,757550
1914,2537980
1915,4062420
1916,2999040
1917,4704520
1918,3608830
1919,3162900
1920,4398290
1921,3377830
1922,4198840
1923,2953540
1924,4149610
1925,2383240
1926,4088520
1927,2984800
1928,3130880
1929,1040240
1930,1936310
1931,3693970
1932,2644100
1933,3488690
1934,988960
1935,1949610
1936,3448070
1937,3128360
1938,2007350
1939,3070430
1940,1334230
1941,2415000
1942,1043460
1943,2864310
1944,4856440
1945,2718320
1946,3101840
1947,3940470
1948,2932450
1949,3474070
1950,2640150
1951,3979580
1952,2165530
1953,3211220
1954,3824760
1955,2301940
1956,3991390
1957,1313210
1958,4247260
1959,4089520
1960,2493130
1961,3891680
1962,2152830
1963,1689340
1964,4159720
1965,1449820
1966,3892510
1967,3212500
1968,884670
1969,4272560
1970,3564990
1971,3866080
1972,2537430
1973,4363380
1974,3260240
1975,3863810
1976,2850290
1977,3251280
1978,3514750
1979,1721590
1980,4188680
1981,4213930
1982,4203890
1983,1345450
1984,1368160
1985,2117160
1986,3151140
1987,1983910
1988,4670270
1989,3380990
1990,1800250
1991,3966570
1992,1865770
1993,2259590
1994,2211000
1995,1236170
1996,4672770
1997,2541930
1998,3045520
1999,4203280
2000,3965430
2001,3761680
2002,1697770
2003,4138590
2004,3838820
2005,2427530
2006,3520410
2007,3429280
2008,1826380
2009,3797790
2010,4804660
2011,2614590
2012,2615420
2013,3340830
2014,2597200
2015,2640920
2016,1123240
2017,2425200
2018,3832660
2019,2392420
2020,3720040
2021,4003030
2022,1502460
2023,4810650
2024,3352140
2025,4133290
2026,993960
2027,2691090
2028,4109980
2029,4842880
2030,1858700
2031,3746290
2032,2431790
2033,3713880
2034,1425660
2035,3168520
2036,4327490
2037,1852510
2038,347460
2039,2309440
2040,4505440
2041,2874540
2042,1848610
2043,5009850
2044,1823300
2045,4395870
2046,2396130
2047,792380
2048,4327300
2049,1188410
2050,3800200
2051,968710
2052,4245930
2053,3734010
2054,1072910
2055,3873770
2056,4216840
2057,2881620
2058,4195140
2059,3433800
2060,2717620
2061,2904640
2062,3235140
2063,2750770
2064,2938800
2065,1171340
2066,2005910
2067,2491830
2068,4180840
2069,4921660
2070,3143530
2071,3619300
2072,4221820
2073,4026510
2074,4944600
2075,3504050
2076,673100
2077,2287780
2078,1993210
2079,2287370
2080,1889700
2081,2175890
2082,4480060
2083,4992430
2084,3194740
2085,2879790
2086,2437940
2087,4351810
2088,2984150
2089,2946140
2090,2986590
2091,4639050
2092,4168190
2093,1898110
2094,2584740
2095,1460810
2096,5034390
2097,3393720
2098,4668010
2099,3040020
2100,3818770
2101,3857800
2102,4154830
2103,2092510
2104,2356810
2105,4709120
2106,2659980
2107,2451390
2108,3352150
2109,3979570
2110,3948460
2111,1478730
2112,3938440
2113,2357380
2114,4075740
2115,4380860
2116,2678670
2117,2714930
2118,2401280
2119,3897080
2120,4540260
2121,4144090
2122,3383670
2123,662340
2124,3019200
2125,2963650
2126,1794000
2127,3824720
2128,2761800
2129,4296370
2130,4332870
2131,4172450
2132,3797460
2133,4128600
2134,2069170
2135,3564410
2136,3927170
2137,1335780
2138,3830320
2139,1170580
2140,1973760
2141,3260040
2142,3025300
2143,3606780
2144,4005880
2145,3260830
2146,3846210
2147,1991250
2148,2440350
2149,1692120
2150,4498500
2151,3676080
2152,1779060
2153,3597340
2154,2433790
2155,3446770
2156,1466310
2157,4382260
2158,2517080
2159,2321890
2160,1170670
2161,2524410
2162,3219390
2163,3053990
2164,3003430
2165,2876290
2166,4306070
2167,2299940
2168,1264390
2169,3888420
2170,4264000
2171,1570220
2172,2476630
2173,4298700
2174,3297080
2175,1781190
2176,3660360
2177,2324410
2178,4674810
2179,1871460
2180,1179280
2181,2410360
2182,1440340
2183,3008590
2184,3040830
2185,4409320
2186,3529910
2187,4902640
2188,2450350
2189,907500
2190,2763310
2191,2979500
2192,4272370
2193,1355060
2194,2105260
2195,1440570
2196,4234320
2197,2069070
2198,3859210
2199,4337710
2200,2545880
2201,3676140
2202,616780
2203,4183270
2204,4066520
2205,4356360
2206,3222280
2207,2845310
2208,4261650
2209,4425140
2210,4242890
2211,2104610
2212,1506730
2213,2766240
2214,3601860
2215,3950440
2216,2941630
2217,1535520
2218,2783280
2219,2087880
2220,1562030
2221,2636060
2222,1568550
2223,4380740
2224,1192230
2225,4043810
2226,1660440
2227,1587600
2228,3396160
2229,5189770
2230,2940460
2231,2709910
2232,3756370
2233,3182050
2234,1629660
2235,4774560
2236,5090170
2237,3980340
2238,3333380
2239,4165930
2240,2015420
2241,3599920
2242,1640990
2243,3542300
2244,3164260
2245,3357600
2246,3728900
2247,3009440
2248,4740930
2249,2322070
2250,1198690
2251,3508880
2252,1754250
2253,1808960
2254,2306490
2255,2446760
2256,4158420
2257,3013600
2258,1285720
2259,4285870
2260,3305750
2261,4190960
2262,4262800
2263,4619040
2264,3248910
2265,3929700
2266,2120350
2267,3768400
2268,1167110
2269,1690100
2270,2825330
2271,3919400
2272,1979290
2273,4575010
2274,1280660
2275,2393290
2276,4110720
2277,2116290
2278,1497910
2279,1610360
2280,3189450
2281,1803500
2282,4262460
2283,2071630
2284,1415600
2285,3310570
2286,4178790
2287,4232550
2288,3258590
2289,3874910
2290,4007000
2291,1609270
2292,2229910
2293,3845350
2294,3699990
2295,4089610
2296,1858210
2297,3979490
2298,2439030
2299,3450780
2300,1085830
2301,2418040
2302,1710110
2303,3775210
2304,2265170
2305,4082030
2306,905540
2307,1821600
2308,4712630
2309,3692780
2310,1333930
2311,4521650
2312,2529960
2313,4538420
2314,4021890
2315,4318080
2316,4299520
2317,3575220
2318,3587450
2319,3474200
2320,3993200
2321,809550
2322,3367710
2323,5253370
2324,3202730
2325,3061730
2326,3680470
2327,2791230
2328,4031300
2329,3438610
2330,1700930
2331,3798840
2332,3549390
2333,2540650
2334,2755270
2335,3258010
2336,1695530
2337,2706790
2338,3291450
2339,4433800
2340,2551970
2341,2496590
2342,1425780
2343,2882850
2344,2585710
2345,3570350
2346,4425980
2347,3638800
2348,4428600
2349,4078800
2350,3309160
2351,2537020
2352,4015070
2353,3495990
2354,1241390
2355,3637250
2356,2707980
2357,1503490
2358,2968270
2359,3347690
2360,2749070
2361,1081830
2362,4406760
2363,4073320
2364,3895950
2365,1896310
2366,2362040
2367,864170
2368,2606850
2369,4610740
2370,3855320
2371,1899550
2372,4012490
2373,17750
2374,2801940
2375,1033540
2376,3867080
2377,2470990
2378,4198610
2379,2124500
2380,2928040
2381,3082020
2382,1962360
2383,4654270
2384,3804280
2385,3589910
2386,2853290
2387,2257830
2388,4920620
2389,3897090
2390,4137270
2391,3144430
2392,1894120
2393,1897030
2394,3901760
2395,791630
2396,3502620
2397,2858120
2398,2435810
2399,3910330
2400,3868160
2401,2994600
2402,2607420
2403,1558030
2404,2113270
2405,5146340
2406,3695950
2407,5313470
2408,4489960
2409,1502290
2410,2682980
2411,2420800
2412,3405680
2413,3334170
2414,4421440
2415,3907830
2416,4699770
2417,3299010
2418,3579070
2419,1122230
2420,4530800
2421,3953700
2422,1425990
2423,3561930
2424,3296990
2425,1915870
2426,2828540
2427,3393850
2428,4360760
2429,1220390
2430,4425120
2431,2388440
2432,4490840
2433,2530620
2434,3715040
2435,2508170
2436,4319800
2437,3048330
2438,2284190
2439,3325610
2440,904850
2441,4112840
2442,4159680
2443,4191110
2444,4455810
2445,3536500
2446,3906360
2447,4484810
2448,2748420
2449,2131290
2450,4143700
2451,2144500
2452,1412810
2453,2928190
2454,3387300
2455,2404960
2456,1764280
2457,2725610
2458,1592200
2459,3401570
2460,3581260
2461,3976340
2462,4100080
2463,2592230
2464,4008250
2465,3509400
2466,2536140
2467,2302770
2468,2983480
2469,2537270
2470,3921010
2471,3359110
2472,594230
2473,1223030
2474,3106050
2475,3853110
2476,2471330
2477,4030360
2478,3164790
2479,2068380
2480,4681770
2481,2735850
2482,1826770
2483,4287960
2484,4465980
2485,1285050
2486,4253580
2487,3589430
2488,1462160
2489,4768240
2490,4920240
2491,4187860
2492,3027810
2493,4102890
2494,3399610
2495,3702550
2496,4300400
2497,2083940
2498,4881350
2499,2081720
2500,4278150
2501,1161780
2502,2971500
2503,2985520
2504,2867800
2505,4314170
2506,4136620
2507,4006130
2508,3730680
2509,4265140
2510,3603740
2511,2820270
2512,4877420
2513,3299850
2514,3367810
2515,4555310
2516,4097280
2517,2446620
2518,3949440
2519,1810070
2520,3826290
2521,3981460
2522,3795810
2523,2987920
2524,4581370
2525,2784920
2526,2527970
2527,4537820
2528,2156800
2529,3507960
2530,1545080
2531,3787470
2532,1864220
2533,3902160
2534,4198360
2535,2121640
2536,4374100
2537,4989380
2538,2391610
2539,3157290
2540,1532910
2541,3235150
2542,3327120
2543,4761550
2544,2176770
2545,3957680
2546,4570020
2547,2148590
2548,4003590
2549,3827740
2550,1355160
2551,3755350
2552,4030970
2553,4349020
2554,2749050
2555,3252240
2556,5113760
2557,3567980
2558,3353590
2559,2755950
2560,2401440
2561,5014960
2562,4278590
2563,1681140
2564,2667460
2565,4551870
2566,3363050
2567,2647870
2568,4423030
2569,3875670
2570,4584800
2571,2669450
2572,4458440
2573,3348690
2574,4436840
2575,2007430
2576,3226830
2577,1635500
2578,3143510
2579,4077880
2580,1730460
2581,4755250
2582,2178120
2583,3501050
2584,2976440
2585,4267800
2586,2575040
2587,1678350
2588,2371430
2589,2622180
2590,997090
2591,3509590
2592,3536680
2593,2331140
2594,2799820
2595,3796150
2596,1327200
2597,4840160
2598,4780870
2599,4175710
2600,1596350
2601,3855060
2602,5070970
2603,4244420
2604,4463570
2605,3289400
2606,3989790
2607,3187240
2608,4184170
2609,3514000
2610,2066740
2611,2483700
2612,4044990
2613,3845390
2614,4201570
2615,2789170
2616,2752090
2617,3794700
2618,3897280
2619,4612650
2620,3301300
2621,3357050
2622,2898770
2623,1749810
2624,2603850
2625,2244780
2626,3593660
2627,4144420
2628,4416380
2629,4932120
2630,3555740
2631,2838030
2632,4556190
2633,1339490
2634,3235670
2635,1553640
2636,1445480
2637,4111300
2638,668900
2639,2679790
2640,4429430
2641,3598180
2642,1421190
2643,3799720
2644,1237250
2645,5017810
2646,3509380
2647,3918250
2648,3137880
2649,1151300
2650,2882230
2651,1639510
2652,2477470
2653,3150160
2654,2349840
2655,3266790
2656,3307340
2657,4202540
2658,1460010
2659,3202220
2660,3105190
2661,2886300
2662,2609400
2663,3318210
2664,1997330
2665,3539320
2666,287820
2667,4098960
2668,4018610
2669,2145090
2670,4047520
2671,1362620
2672,2852750
2673,1418750
2674,2105070
2675,2732480
2676,2363330
2677,3465440
2678,1307150
2679,3872160
2680,3930480
2681,885160
2682,3936420
2683,3561600
2684,4417910
2685,3091260
2686,3144060
2687,3126170
2688,3754920
2689,3027860
2690,3625840
2691,1833210
2692,2758190
2693,3807650
2694,1878730
2695,3694420
2696,3002610
2697,2558300
2698,2457920
2699,3723830
2700,4084180
2701,4303060
2702,2706660
2703,4232910
2704,1765920
2705,2197240
2706,3102220
2707,4252280
2708,2791970
2709,408200
2710,2508290
2711,2160760
2712,3489490
2713,1008340
2714,3212260
2715,3343920
2716,2543460
2717,432120
2718,3555120
2719,3240110
2720,4307930
2721,2640750
2722,1485640
2723,1726560
2724,706680
2725,4734020
2726,487500
2727,4553170
2728,2138340
2729,3358590
2730,3196270
2731,1622110
2732,4864320
2733,1464330
2734,2782470
2735,2284840
2736,2136340
2737,1155850
2738,2541560
2739,3722090
2740,1388270
2741,247710
2742,2560210
2743,1953850
2744,3600740
2745,2363160
2746,2850910
2747,3610210
2748,4606560
2749,1174510
2750,4362210
2751,3357950
2752,3956120
2753,2799050
2754,2597610
2755,649560
2756,3234820
2757,2280360
2758,5054190
2759,4633120
2760,1784650
2761,3129420
2762,3471750
2763,1015370
2764,4231210
2765,1931930
2766,3936190
2767,5362020
2768,2707440
2769,2097940
2770,5228920
2771,3124600
2772,4556180
2773,4352900
2774,3912890
2775,1012870
2776,3967280
2777,4556830
2778,4360160
2779,4870690
2780,1374320
2781,1121670
2782,3499560
2783,4787480
2784,3862790
2785,2854310
2786,1953770
2787,4922700
2788,4132280
2789,3284220
2790,2799910
2791,1798110
2792,1185380
2793,4408560
2794,2069890
2795,1612190
2796,3330890
2797,2216840
2798,3080070
2799,2743260
2800,4338750
2801,4137830
2802,672890
2803,4131220
2804,3500630
2805,2659040
2806,4856150
2807,2870130
2808,1273980
2809,2481240
2810,3932580
2811,4515280
2812,1532790
2813,3128610
2814,3744190
2815,3115480
2816,2978690
2817,3203180
2818,3504310
2819,3926130
2820,4298170
2821,2095970
2822,2649320
2823,1043110
2824,3832380
2825,2939170
2826,3040930
2827,3146670
2828,2549980
2829,2024400
2830,2662730
2831,2098690
2832,1226580
2833,1672790
2834,1536440
2835,3677310
2836,4131500
2837,4227280
2838,1809090
2839,2943330
2840,3280150
2841,2866330
2842,1555960
2843,4125860
2844,2054000
2845,2052710
2846,4415050
2847,1126210
2848,2664120
2849,4514070
2850,4272020
2851,2500690
2852,1848600
2853,4252340
2854,1490830
2855,3961370
2856,1571260
2857,2894990
2858,3764730
2859,4080250
2860,3301350
2861,833020
2862,732970
2863,3441490
2864,4476320
2865,2605720
2866,2368490
2867,4739500
2868,2478710
2869,4079320
2870,3348920
2871,2509380
2872,3551090
2873,2760720
2874,3420280
2875,2850840
2876,4484770
2877,3544430
2878,1736200
2879,1678040
2880,3327000
2881,2365920
2882,3360150
2883,2953940
2884,777210
2885,1520600
2886,5131690
2887,3846690
2888,4360290
2889,1638030
2890,3942390
2891,2718100
2892,3259000
2893,3205880
2894,3384570
2895,1127370
2896,4893850
2897,1261360
2898,1143910
2899,1238390
2900,3203340
2901,3149550
2902,2882410
2903,1874980
2904,3758170
2905,2923500
2906,4475520
2907,3292770
2908,4035190
2909,3594550
2910,3369020
2911,2449700
2912,4462830
2913,3866230
2914,2570110
2915,3963220
2916,3415350
2917,3851680
2918,3434180
2919,3818450
2920,2669780
2921,3165340
2922,4056250
2923,3907570
2924,1917470
2925,4834760
2926,284080
2927,4181440
2928,2544730
2929,4115520
2930,2325860
2931,1616720
2932,2110150
2933,3530380
2934,2139090
2935,4595980
2936,1894560
2937,2464640
2938,2514890
2939,2502870
2940,3418870
2941,2947630
2942,3820540
2943,3273960
2944,945860
2945,3139120
2946,4184130
2947,3517880
2948,850870
2949,4009220
2950,2794160
2951,3285390
2952,1975790
2953,3240610
2954,5036490
2955,4230650
2956,1327090
2957,4475750
2958,4642050
2959,2841600
2960,4360240
2961,4226690
2962,2271570
2963,3586920
2964,3975130
2965,1104800
2966,1103610
2967,1036430
2968,1547010
2969,526720
2970,3114850
2971,4580030
2972,4264410
2973,2294970
2974,2366250
2975,3529090
2976,4694470
2977,1545510
2978,3677850
2979,4370210
2980,4013270
2981,3549280
2982,3713620
2983,2466000
2984,4200800
2985,4514310
2986,3949580
2987,3062060
2988,4228190
2989,4928600
2990,3125540
2991,4360780
2992,2993920
2993,3704270
2994,3202290
2995,1827440
2996,2922250
2997,2498890
2998,3967230
2999,4738820
3000,4406740
3001,2126810
3002,640010
3003,5075270
3004,4006670
3005,2506890
3006,3802950
3007,3910750
3008,3145650
3009,3610500
3010,4285930
3011,1826400
3012,3998510
3013,3273860
3014,3731270
3015,3297800
3016,1231210
3017,3975830
3018,3230380
3019,3219960
3020,2377600
3021,2163660
3022,3407450
3023,1993980
3024,3474620
3025,4025980
3026,3640820
3027,4022950
3028,1120220
3029,5257300
3030,4431400
3031,796530
3032,3450100
3033,3045220
3034,1372780
3035,2473720
3036,2076310
3037,2907400
3038,2140540
3039,801140
3040,3237240
3041,3742720
3042,1742390
3043,924380
3044,4548190
3045,2903980
3046,1122170
3047,2398100
3048,2629170
3049,1851810
3050,4483420
3051,1244600
3052,2688960
3053,2696550
3054,4051800
3055,2217860
3056,4493130
3057,4751430
3058,3338280
3059,3531220
3060,2430010
3061,2989890
3062,2218060
3063,3227040
3064,2791260
3065,4197200
3066,4522230
3067,2003070
3068,2722940
3069,1264620
3070,4420660
3071,4299260
3072,3673960
3073,4697950
3074,3830970
3075,3639510
3076,2110000
3077,1979350
3078,1221260
3079,3780430
3080,4218720
3081,1580740
3082,3441510
3083,4946440
3084,4575620
3085,2681940
3086,981720
3087,4726580
3088,4682620
3089,2184850
3090,2844340
3091,4521710
3092,1677010
3093,1818480
3094,2996650
3095,3581140
3096,4561930
3097,1393630
3098,2521800
3099,3661400
3100,2264780
3101,2455710
3102,2002840
3103,4107960
3104,2879320
3105,3438910
3106,3250400
3107,2387740
3108,5142140
3109,4516440
3110,3398880
3111,1222150
3112,3180000
3113,4233960
3114,1345720
3115,1132530
3116,4539340
3117,2527940
3118,1472430
3119,4336530
3120,5061290
3121,2904120
3122,3312310
3123,4557160
3124,3548510
3125,2967220
3126,2744110
3127,4776500
3128,3699850
3129,2686820
3130,1290060
3131,3959020
3132,1377710
3133,2626830
3134,1465790
3135,2616650
3136,3185200
3137,2398920
3138,4583360
3139,2853830
3140,4451260
3141,2577730
3142,1536910
3143,1003460
3144,3361950
3145,2413960
3146,826640
3147,1377050
3148,4315830
3149,4760900
3150,3444260
3151,2673340
3152,4911450
3153,1985940
3154,1476040
3155,4601470
3156,3842050
3157,5006540
3158,1767010
3159,4123810
3160,3010060
3161,1813230
3162,3839680
3163,2364190
3164,3535270
3165,3484670
3166,4330940
3167,4354650
3168,4597950
3169,4769040
3170,3978110
3171,2382810
3172,1607930
3173,2394250
3174,4261080
3175,4936650
3176,872450
3177,2708620
3178,3904870
3179,4523120
3180,3736070
3181,4004300
3182,2811620
3183,1271900
3184,2026450
3185,2628880
3186,1630460
3187,2174430
3188,3194520
3189,3942400
3190,2938980
3191,2509870
3192,3815560
3193,2946530
3194,1467110
3195,3551820
3196,2731550
3197,2324660
3198,3565090
3199,4741270
3200,4200980
3201,1946440
3202,2339000
3203,3273370
3204,4489300
3205,4313560
3206,4300540
3207,4415850
3208,2564480
3209,1353150
3210,2567320
3211,3766830
3212,1465620
3213,4339210
3214,1383660
3215,1625220
3216,5210800
3217,4364150
3218,1948420
3219,3834300
3220,4121220
3221,1145440
3222,4909990
3223,2617870
3224,3646950
3225,3956540
3226,4379870
3227,2087320
3228,3591900
3229,3756910
3230,4630150
3231,1916800
3232,4320430
3233,992690
3234,4130370
3235,3715810
3236,2351990
3237,3295130
3238,3893230
3239,1749400
3240,4483900
3241,4555610
3242,1057630
3243,4466790
3244,2859220
3245,5130480
3246,2542850
3247,3578820
3248,3282600
3249,2412740
3250,2508550
3251,2783830
3252,2563880
3253,3151240
3254,3738640
3255,1234990
3256,3337130
3257,4468540
3258,3873720
3259,3133220
3260,4135570
3261,2524780
3262,2994220
3263,3595710
3264,1553590
3265,2855020
3266,4566850
3267,3253930
3268,3866890
3269,1331290
3270,3327160
3271,4693550
3272,4004160
3273,4109800
3274,4625800
3275,2337990
3276,3872910
3277,3009720
3278,1432340
3279,5031210
3280,2341620
3281,3254200
3282,1556070
3283,4167150
3284,2784150
3285,1217180
3286,3596730
3287,2135000
3288,3038700
3289,3058740
3290,5064170
3291,4171520
3292,4122640
3293,5169440
3294,3154150
3295,1897450
3296,3819020
3297,3812490
3298,1298200
3299,1316440
3300,4745810
3301,4344000
3302,741340
3303,2476150
3304,1702630
3305,744200
3306,1651400
3307,3269430
3308,4001430
3309,1601130
3310,4105860
3311,2829050
3312,4262380
3313,4307270
3314,3386670
3315,2823570
3316,3137450
3317,2294230
3318,5102620
3319,3756040
3320,3991970
3321,4421870
3322,4599880
3323,1601320
3324,2960390
3325,3056570
3326,2098920
3327,4929280
3328,3837820
3329,3461050
3330,4201590
3331,2103500
3332,1747630
3333,3751600
3334,1094450
3335,4763380
3336,3635640
3337,3408340
3338,1580030
3339,2792540
3340,2079210
3341,4752390
3342,4271720
3343,4590810
3344,4503570
3345,5182260
3346,1521250
3347,1643800
3348,2354640
3349,1460790
3350,1778860
3351,772260
3352,4761750
3353,2923810
3354,4165740
3355,3342470
3356,3271120
3357,3963860
3358,2315900
3359,4568030
3360,4660090
3361,3440740
3362,2253300
3363,2096450
3364,1158600
3365,1218780
3366,2337180
3367,4181040
3368,3554290
3369,3261140
3370,1828660
3371,2194090
3372,3372610
3373,4476270
3374,3129790
3375,3250960
3376,3654740
3377,2241660
3378,2856440
3379,1737740
3380,1372650
3381,4085850
3382,3279600
3383,2834260
3384,2395960
3385,1437790
3386,1418820
3387,3049840
3388,1666480
3389,2468430
3390,717930
3391,1455100
3392,2210240
3393,3857790
3394,1162860
3395,3371070
3396,3759400
3397,3041220
3398,2111430
3399,3727410
3400,3279330
3401,1742740
3402,4573360
3403,1641570
3404,2354810
3405,2168480
3406,1320170
3407,4362170
3408,3733710
3409,2273650
3410,2557740
3411,2331340
3412,1352700
3413,5088440
3414,3636510
3415,1583020
3416,4693300
3417,3485200
3418,1930630
3419,4914860
3420,3957530
3421,1953430
3422,1790350
3423,3899920
3424,1055600
3425,4832970
3426,2139330
3427,1434840
3428,4555040
3429,3676250
3430,3429190
3431,1122160
3432,1637560
3433,3883610
3434,2077110
3435,3123670
3436,3883060
3437,4096910
3438,2459560
3439,3626540
3440,1426870
3441,2863300
3442,4724380
3443,2531570
3444,2017120
3445,4039300
3446,1120230
3447,2559780
3448,3664840
3449,3206220
3450,4041580
3451,3660860
3452,3824290
3453,3617120
3454,2791980
3455,3530280
3456,3986110
3457,3820550
3458,3755890
3459,1737960
3460,2551590
3461,1250090
3462,4707700
3463,700720
3464,1061210
3465,4973250
3466,3684530
3467,4873560
3468,1679000
3469,4435590
3470,2397810
3471,3741500
3472,3789830
3473,1879270
3474,2448010
3475,719160
3476,2802730
3477,4103040
3478,2121720
3479,1926720
3480,2745050
3481,5101960
3482,4013410
3483,4214710
3484,2584510
3485,3058760
3486,3197360
3487,986520
3488,2521660
3489,3532690
3490,3779320
3491,3925730
3492,3947270
3493,2448200
3494,2818820
3495,3959900
3496,4980620
3497,4639980
3498,1578870
3499,2984460
3500,1530690
3501,2483660
3502,4450600
3503,3314140
3504,2669590
3505,4295090
3506,4525180
3507,4268970
3508,3746950
3509,2397440
3510,1129360
3511,3188490
3512,2323140
3513,3005660
3514,3036360
3515,1846570
3516,3834910
3517,4523310
3518,4390080
3519,4182850
3520,2488900
3521,1655750
3522,1852360
3523,1693350
3524,3178820
3525,1334280
3526,4239660
3527,2381860
3528,3177730
3529,4531440
3530,1066390
3531,4230390
3532,1505310
3533,2684840
3534,2490960
3535,3568740
3536,1303850
3537,3367720
3538,4051470
3539,2317700
3540,3115420
3541,3969610
3542,3717830
3543,3842660
3544,4247440
3545,1835080
3546,4541920
3547,3343970
3548,3591180
3549,2466350
3550,2862770
3551,1547880
3552,4617210
3553,1418380
3554,2145170
3555,1856810
3556,1068220
3557,3449440
3558,2456820
3559,4375480
3560,3446130
3561,3951190
3562,3503500
3563,3642020
3564,4529020
3565,4829780
3566,3056850
3567,3673490
3568,2886060
3569,3603720
3570,2727360
3571,2358120
3572,1487300
3573,1410470
3574,3760370
3575,3032140
3576,3338980
3577,1914710
3578,2679040
3579,4299460
3580,3454860
3581,2499260
3582,4303380
3583,3315700
3584,3854080
3585,1823840
3586,2388920
3587,2469560
3588,1670080
3589,3672160
3590,2177230
3591,3965580
3592,3749130
3593,3453470
3594,4210370
3595,4119150
3596,2822740
3597,1636170
3598,3077060
3599,3810240
3600,2535850
3601,3324800
3602,2606300
3603,3939340
3604,3670730
3605,2165130
3606,2939100
3607,2344680
3608,2211130
3609,3664200
3610,3115330
3611,5097820
3612,2252710
3613,5146570
3614,2204910
3615,3579340
3616,2225260
3617,1374810
3618,4235170
3619,3469290
3620,4776090
3621,3297860
3622,3765000
3623,3168110
3624,3254300
3625,2493050
3626,4163130
3627,3205960
3628,4179990
3629,5165390
3630,4736510
3631,3427370
3632,1967050
3633,1395380
3634,4915640
3635,3211560
3636,1737370
3637,4475320
3638,4338180
3639,3314030
3640,3618570
3641,1429620
3642,3374020
3643,1402650
3644,3299160
3645,1971470
3646,1187990
3647,1664110
3648,4762110
3649,2295150
3650,2544740
3651,5211290
3652,4337040
3653,2570160
3654,4410710
3655,1661480
3656,2965300
3657,4332550
3658,1685740
3659,3610180
3660,3878740
3661,3104430
3662,1151980
3663,739790
3664,3233860
3665,2646690
3666,2838890
3667,4709270
3668,4810160
3669,3397910
3670,4688400
3671,1037170
3672,2771710
3673,3169300
3674,1233680
3675,4438850
3676,4450440
3677,3585490
3678,4708840
3679,3145850
3680,3725830
3681,3011890
3682,3368080
3683,1568600
3684,1847850
3685,3370180
3686,4272100
3687,4372700
3688,3039920
3689,3506070
3690,4956110
3691,2084210
3692,2068190
3693,2868080
3694,3749760
3695,4220770
3696,2377160
3697,1829140
3698,2445430
3699,3855640
3700,3216150
3701,4156500
3702,2932110
3703,2231820
3704,2513200
3705,2106150
3706,3946330
3707,3700100
3708,893670
3709,4036920
3710,4036130
3711,3651370
3712,3634710
3713,2168120
3714,2746680
3715,2709420
3716,4546760
3717,2259390
3718,2405640
3719,4350100
3720,3714430
3721,2939680
3722,4530680
3723,1545500
3724,2603550
3725,3819370
3726,3074730
3727,3017130
3728,3351230
3729,1038080
3730,4890620
3731,2468230
3732,2012040
3733,1301820
3734,1123160
3735,1620420
3736,2615600
3737,1682690
3738,3850590
3739,1589820
3740,4411510
3741,2723370
3742,5092080
3743,4210670
3744,4413930
3745,4650840
3746,3241270
3747,3795570
3748,4404070
3749,3991690
3750,3721530
3751,4267780
3752,3480500
3753,2085660
3754,3874040
3755,1461470
3756,2446020
3757,4898330
3758,3814050
3759,1369430
3760,1866720
3761,3696210
3762,2186420
3763,2393870
3764,2898700
3765,1234330
3766,5098200
3767,3925810
3768,1156490
3769,5217440
3770,4119600
3771,1003900
3772,5013380
3773,3323970
3774,3997280
3775,3357160
3776,2776770
3777,1202340
3778,2935710
3779,1897300
3780,1983360
3781,1655540
3782,1234880
3783,3603730
3784,2244350
3785,4843760
3786,3779800
3787,1621900
3788,4586810
3789,4626170
3790,1411900
3791,2572590
3792,3715690
3793,1353030
3794,4142530
3795,1619870
3796,4008840
3797,2216850
3798,3564520
3799,870570
3800,3301000
3801,2266750
3802,1839980
3803,1482690
3804,1054820
3805,3196750
3806,3274560
3807,4980400
3808,1570840
3809,2868030
3810,2720780
3811,1735080
3812,4176620
3813,3575850
3814,724930
3815,2484890
3816,4289470
3817,1286690
3818,4337230
3819,2950750
3820,1628640
3821,2902600
3822,3383030
3823,3861510
3824,1475120
3825,3391000
3826,4465510
3827,1350310
3828,2363840
3829,4520490
3830,4577340
3831,4794170
3832,2716980
3833,2975130
3834,2588830
3835,2314460
3836,4778990
3837,3155670
3838,1349460
3839,3142500
3840,1599170
3841,3531170
3842,3839720
3843,4624920
3844,3471290
3845,2560330
3846,4402390
3847,4268590
3848,3032970
3849,5189500
3850,3166230
3851,3429270
3852,5010440
3853,3645410
3854,4809870
3855,3556370
3856,3255820
3857,3591390
3858,2294210
3859,2069330
3860,4985170
3861,4780280
3862,3222720
3863,1617760
3864,4569670
3865,1835570
3866,3541490
3867,2056130
3868,4219700
3869,1967440
3870,2822770
3871,1096090
3872,980700
3873,2174060
3874,4673650
3875,1620240
3876,3063720
3877,4703240
3878,3842100
3879,4119200
3880,1727540
3881,3278190
3882,4113790
3883,2515620
3884,2572060
3885,2059070
3886,806750
3887,3804010
3888,3181660
3889,2219850
3890,4523820
3891,3075430
3892,1993410
3893,3497960
3894,2400650
3895,4873800
3896,4425550
3897,3023880
3898,3679760
3899,3296970
3900,3296970
3901,4947090
3902,4801140
3903,4504840
3904,3493410
3905,3792170
3906,3202250
3907,2200340
3908,3064040
3909,2429600
3910,1884610
3911,3905070
3912,3824840
3913,3297040
3914,2073980
3915,3045070
3916,2247220
3917,2533000
3918,2667830
3919,4088360
3920,3376860
3921,3573120
3922,4689550
3923,3224290
3924,2895500
3925,4041730
3926,4573960
3927,4741260
3928,3873360
3929,2446520
3930,3537940
3931,4691530
3932,3653890
3933,3557060
3934,1532270
3935,2815020
3936,4209900
3937,3732830
3938,3155840
3939,3195150
3940,4030030
3941,2706090
3942,3433110
3943,1778150
3944,4210250
3945,1852910
3946,2535690
3947,1861450
3948,2373130
3949,2851050
3950,3056650
3951,2965400
3952,4065790
3953,1670160
3954,3151660
3955,1607300
3956,4831140
3957,1287930
3958,2183820
3959,1645560
3960,2371490
3961,3204820
3962,4145380
3963,4280760
3964,4304540
3965,1701160
3966,3819100
3967,4185920
3968,2421080
3969,1328720
3970,5047700
3971,765700
3972,1251960
3973,3045340
3974,4992660
3975,3980250
3976,1906970
3977,2950600
3978,1188850
3979,5206920
3980,2823840
3981,4517160
3982,4590270
3983,2336690
3984,2231090
3985,3489220
3986,3973220
3987,4129440
3988,3552590
3989,3713240
3990,1911870
3991,878210
3992,2778290
3993,2195450
3994,3113690
3995,3934590
3996,1931820
3997,2727520
3998,1350370
3999,5167420
4000,4975530
4001,291750
4002,3942630
4003,3844300
4004,3845650
4005,3953390
4006,1235470
4007,563530
4008,1970220
4009,2140200
4010,1534720
4011,4827950
4012,4228390
4013,3336670
4014,1684460
4015,3863960
4016,3230120
4017,5041530
4018,4606460
4019,3742840
4020,2170390
4021,1490990
4022,3847450
4023,3131340
4024,3431190
4025,3768880
4026,4157340
4027,4193300
4028,1566440
4029,4995030
4030,3680200
4031,1411260
4032,3964340
4033,3739350
4034,1504820
4035,4486770
4036,4197390
4037,3257150
4038,4492610
4039,3963670
4040,4475020
4041,1533060
4042,1751950
4043,1785630
4044,1366200
4045,4982840
4046,2431740
4047,824840
4048,4028060
4049,2193530
4050,4059710
4051,4544660
4052,3910140
4053,3474240
4054,1751730
4055,3540450
4056,2817760
4057,3411360
4058,2298660
4059,4453420
4060,4265830
4061,3946550
4062,1564060
4063,2338820
4064,3760360
4065,2622460
4066,3140970
4067,3713920
4068,1361330
4069,3669820
4070,4271620
4071,3350860
4072,1448620
4073,259000
4074,3301010
4075,2708530
4076,5039320
4077,3462580
4078,4260540
4079,4917610
4080,4878790
4081,643370
4082,4514140
4083,2114160
4084,4771830
4085,2742230
4086,5005700
4087,1962010
4088,3187560
4089,785050
4090,5130980
4091,2111370
4092,3633340
4093,1836840
4094,4753780
4095,4908460
4096,1841660
4097,3380880
4098,2742720
4099,3301900
4100,1947890
4101,3194090
4102,4189490
4103,3603710
4104,4422260
4105,4120090
4106,2988160
4107,2183890
4108,1706100
4109,3437690
4110,2596940
4111,2268520
4112,2318250
4113,4712440
4114,2447370
4115,4822240
4116,2749880
4117,1347230
4118,4442130
4119,948000
4120,860560
4121,4237900
4122,3788210
4123,2582310
4124,1321160
4125,1698530
4126,2316420
4127,2907090
4128,3638790
4129,1441100
4130,3657070
4131,4304900
4132,3417760
4133,2816730
4134,3166960
4135,4828390
4136,2851800
4137,3907910
4138,3253950
4139,2345340
4140,4395010
4141,3201370
4142,1724990
4143,4249000
4144,4199010
4145,1205570
4146,1891250
4147,2863980
4148,3910020
4149,3678350
4150,2868520
4151,3034760
4152,3574740
4153,4459720
4154,2657240
4155,3091860
4156,1342150
4157,4560170
4158,2893550
4159,3248310
4160,3887130
4161,4013150
4162,3430280
4163,3607230
4164,1657050
4165,3562370
4166,2245130
4167,4373230
4168,1446790
4169,4574820
4170,4211340
4171,3911400
4172,4362480
4173,3625060
4174,2258070
4175,2518610
4176,4651670
4177,3411060
4178,718550
4179,1402940
4180,1222290
4181,3805820
4182,1896000
4183,2372120
4184,1058030
4185,3699390
4186,3703750
4187,3661500
4188,3489070
4189,4033680
4190,4446990
4191,2561650
4192,4443290
4193,3325720
4194,1601770
4195,2745510
4196,1181040
4197,4084400
4198,4443350
4199,2822110
4200,1454220
4201,4202300
4202,2715880
4203,1026220
4204,4454510
4205,3376600
4206,2943470
4207,4553370
4208,4022970
4209,4057270
4210,2828650
4211,4327060
4212,2776540
4213,4656880
4214,3194690
4215,490360
4216,4514060
4217,2403250
4218,2183100
4219,2522740
4220,3004810
4221,2669710
4222,4653750
4223,2679830
4224,990970
4225,5217720
4226,3295420
4227,1477750
4228,4581890
4229,3988100
4230,2707630
4231,4013930
4232,4996690
4233,4485570
4234,2938540
4235,3639640
4236,3195940
4237,1163160
4238,3767420
4239,4042150
4240,2008270
4241,3861740
4242,1563250
4243,4338420
4244,4719020
4245,4437140
4246,1514280
4247,3055290
4248,1520740
4249,3018500
4250,3690240
4251,3384820
4252,4092130
4253,5000870
4254,2809120
4255,2475620
4256,1649670
4257,3176890
4258,3562050
4259,3412110
4260,4915490
4261,654860
4262,3181720
4263,1056680
4264,4532460
4265,2925420
4266,3864920
4267,1719700
4268,1769200
4269,3123420
4270,1354450
4271,1922500
4272,2570080
4273,2324550
4274,1478260
4275,3991790
4276,1714710
4277,4257210
4278,3952330
4279,4476390
4280,3378130
4281,4311980
4282,3444810
4283,4254050
4284,2357970
4285,3946040
4286,4849120
4287,4328320
4288,3757780
4289,2052510
4290,3717490
4291,3067170
4292,4274730
4293,2995570
4294,2944390
4295,2354580
4296,4076980
4297,3290590
4298,3853440
4299,4703890
4300,1794750
4301,3807500
4302,2389220
4303,3303870
4304,3008890
4305,3045270
4306,3665100
4307,2120560
4308,2482980
4309,4102150
4310,4970540
4311,4139020
4312,2545390
4313,3116230
4314,2773560
4315,2233430
4316,3312710
4317,2993240
4318,2705830
4319,3817560
4320,4198020
4321,2283250
4322,1501510
4323,3588570
4324,4008790
4325,2648940
4326,4224700
4327,4029770
4328,1741440
4329,3367950
4330,1423150
4331,1827260
4332,2250330
4333,2747810
4334,1243550
4335,2765070
4336,4738010
4337,1710960
4338,1578520
4339,2278180
4340,3407480
4341,4212660
4342,2472530
4343,1302770
4344,3722850
4345,3299870
4346,1858720
4347,1963490
4348,2088230
4349,3364720
4350,4288030
4351,3734580
4352,2921670
4353,4121840
4354,1105470
4355,2873070
4356,4958560
4357,2847820
4358,4214130
4359,1897950
4360,2568890
4361,1427080
4362,3635740
4363,4601100
4364,3554370
4365,4405120
4366,3255610
4367,4967810
4368,3998040
4369,3991140
4370,3521810
4371,4509370
4372,2991520
4373,3383450
4374,3512720
4375,3778290
4376,3377200
4377,1278380
4378,3583700
4379,4815320
4380,2515110
4381,3568570
4382,1860580
4383,2130010
4384,3878840
4385,1795090
4386,1423820
4387,1589700
4388,2539940
4389,4996200
4390,1420420
4391,4146090
4392,2455330
4393,2657580
4394,4330750
4395,5130830
4396,2777560
4397,2190640
4398,4662350
4399,887680
4400,1236820
4401,4309480
4402,4485070
4403,4861120
4404,1269700
4405,4503040
4406,2627590
4407,4531290
4408,1175350
4409,1141060
4410,3685330
4411,1692950
4412,4456800
4413,3985990
4414,3349520
4415,4562750
4416,1374750
4417,2710530
4418,1612560
4419,3780520
4420,3485290
4421,3302370
4422,3645540
4423,4455920
4424,592380
4425,3397010
4426,1426350
4427,4012160
4428,1681830
4429,1153750
4430,1641190
4431,4938100
4432,1888880
4433,4602120
4434,3101780
4435,5221470
4436,3138060
4437,4190760
4438,3210060
4439,3793270
4440,3337120
4441,1625630
4442,4568330
4443,2538300
4444,1345910
4445,4579540
4446,1111740
4447,1648531
4448,4528010
4449,1215170
4450,1502050
4451,3620350
4452,2627420
4453,4382680
4454,4359200
4455,3645170
4456,2144810
4457,2511300
4458,3903610
4459,5158890
4460,3450900
4461,3153900
4462,2336170
4463,4090610
4464,3640890
4465,908330
4466,3749900
4467,3078120
4468,2370560
4469,4774580
4470,4683110
4471,2228000
4472,4513370
4473,4327630
4474,4551060
4475,2489700
4476,4733620
4477,2731720
4478,2531840
4479,1291070
4480,4365940
4481,2483030
4482,2191720
4483,4359360
4484,3424940
4485,4176000
4486,4047670
4487,1442850
4488,3596750
4489,3692670
4490,2817960
4491,2368030
4492,4677140
4493,4211870
4494,3223030
4495,4448200
4496,3381300
4497,3656760
4498,1991060
4499,1756430
4500,2270610
4501,2974540
4502,3841910
4503,2142890
4504,3172160
4505,1975640
4506,3003760
4507,2769340
4508,4885190
4509,1518180
4510,2796360
4511,4148080
4512,5035550
4513,1977100
4514,3937330
4515,630440
4516,1568520
4517,2989840
4518,3790280
4519,2002610
4520,4085920
4521,3591920
4522,2779310
4523,3927750
4524,3239360
4525,3154490
4526,4621970
4527,4671560
4528,3019490
4529,2676990
4530,3955960
4531,3752080
4532,4100900
4533,3850070
4534,3510640
4535,2997490
4536,3810210
4537,4679730
4538,4065560
4539,1501730
4540,4311050
4541,2882560
4542,4202270
4543,2571560
4544,3277520
4545,1840280
4546,3412860
4547,2991380
4548,4053640
4549,4429320
4550,3468090
4551,3228430
4552,4211380
4553,1478910
4554,4334530
4555,1802810
4556,3996490
4557,1556400
4558,3412800
4559,1884660
4560,2831000
4561,4526760
4562,3976980
4563,1459800
4564,1619660
4565,3650180
4566,4002600
4567,2494660
4568,1486940
4569,1906690
4570,5015460
4571,1571790
4572,4351460
4573,1473900
4574,3634550
4575,4280150
4576,3541140
4577,2704310
4578,1025560
4579,3615340
4580,2197370
4581,3261300
4582,2909020
4583,5278790
4584,3461580
4585,3936340
4586,3453900
4587,3405140
4588,3198610
4589,1751820
4590,4453540
4591,2325390
4592,4483020
4593,4353680
4594,3903880
4595,4640600
4596,3351220
4597,3251940
4598,4190780
4599,3649050
4600,3840650
4601,2026040
4602,4392550
4603,3965610
4604,2017040
4605,2849910
4606,2883130
4607,2338890
4608,3693310
4609,1556850
4610,3088760
4611,4227270
4612,3776020
4613,2357610
4614,1528950
4615,3495250
4616,3480890
4617,4286050
4618,456140
4619,4559070
4620,3972170
4621,3495980
4622,2390660
4623,4606080
4624,2600820
4625,4615580
4626,2293190
4627,565760
4628,3930130
4629,1368540
4630,2443590
4631,2459890
4632,4996560
4633,2967710
4634,3628440
4635,3374060
4636,5040220
4637,4749570
4638,4567210
4639,3878040
4640,2071870
4641,3891020
4642,3728470
4643,2743800
4644,3808130
4645,4770970
4646,1319310
4647,1060850
4648,3753140
4649,3063890
4650,1918120
4651,1376800
4652,2488450
4653,4173770
4654,1257370
4655,1451210
4656,2011180
4657,2200940
4658,4094240
4659,4785910
4660,3169910
4661,3643250
4662,3100420
4663,2269490
4664,4536920
4665,4386170
4666,2411790
4667,4317220
4668,3968040
4669,3650580
4670,2229030
4671,2361950
4672,4692380
4673,3704230
4674,2934080
4675,4690890
4676,3427820
4677,3203190
4678,3514920
4679,2097190
4680,1300880
4681,2528960
4682,2989930
4683,4884070
4684,3770820
4685,3561610
4686,3314300
4687,1946380
4688,3024860
4689,3021800
4690,3701310
4691,4707190
4692,3595630
4693,4480080
4694,2787060
4695,2951510
4696,2621030
4697,4465990
4698,4194770
4699,2598580
4700,1662700
4701,5064350
4702,2420580
4703,2280900
4704,3452800
4705,4708130
4706,3617080
4707,2404870
4708,463940
4709,3917120
4710,4600540
4711,2976470
4712,1628240
4713,2959830
4714,3736260
4715,3575440
4716,5037250
4717,2575290
4718,3044610
4719,2606880
4720,4149040
4721,4669670
4722,4762560
4723,4540480
4724,4296450
4725,2591710
4726,1460950
4727,4451310
4728,3094540
4729,2125820
4730,4192080
4731,3525890
4732,4319240
4733,3290380
4734,2691080
4735,3520750
4736,4253280
4737,1628120
4738,3284450
4739,2486310
4740,3923740
4741,5188920
4742,2058070
4743,4317670
4744,4509300
4745,665720
4746,3681000
4747,4213320
4748,989350
4749,2186440
4750,1474060
4751,3041800
4752,3712480
4753,3618320
4754,3972870
4755,3195290
4756,4050810
4757,3398670
4758,3021550
4759,4408450
4760,3903580
4761,2414330
4762,4972950
4763,4769350
4764,2116200
4765,3975250
4766,836880
4767,3564580
4768,2555470
4769,4225360
4770,4164330
4771,4860010
4772,2133500
4773,4745080
4774,2529410
4775,3227510
4776,4787430
4777,1510710
4778,2491550
4779,3449530
4780,3431620
4781,5019690
4782,2976140
4783,2156330
4784,1386300
4785,4141760
4786,1157800
4787,4220870
4788,3994840
4789,3527020
4790,2436490
4791,4924590
4792,4377860
4793,2431920
4794,4006300
4795,3238240
4796,1621390
4797,4547180
4798,2950400
4799,5019630
4800,2051890
4801,4390370
4802,1601870
4803,1199520
4804,4586410
4805,2009160
4806,3764180
4807,2197330
4808,4965590
4809,4249080
4810,3082660
4811,3582320
4812,3462170
4813,1525570
4814,3603020
4815,2688410
4816,4522330
4817,4074370
4818,3994190
4819,752960
4820,4267650
4821,5243870
4822,3287720
4823,3428350
4824,4584160
4825,4654240
4826,1553130
4827,1121510
4828,2982540
4829,2141460
4830,2475170
4831,3739580
4832,1389140
4833,5160990
4834,1867650
4835,1680800
4836,5095350
4837,3126480
4838,1771040
4839,3304010
4840,3004130
4841,1174770
4842,4834840
4843,3569410
4844,3327880
4845,3159860
4846,3049830
4847,5106210
4848,4767130
4849,3720060
4850,2275760
4851,4703000
4852,1496170
4853,3984400
4854,3815480
4855,2147700
4856,1685630
4857,1664720
4858,3830080
4859,1313110
4860,3782840
4861,4319950
4862,1176330
4863,4756820
4864,4965860
4865,3760140
4866,4595230
4867,1587920
4868,3952820
4869,4415060
4870,2741160
4871,3241560
4872,4545940
4873,3623050
4874,2636800
4875,3675540
4876,2996900
4877,1279500
4878,3973310
4879,4188260
4880,3069820
4881,3520120
4882,4295800
4883,1358120
4884,2560540
4885,4013910
4886,4163520
4887,2875410
4888,1870550
4889,3346460
4890,3579630
4891,4525800
4892,727690
4893,1570660
4894,4537090
4895,4194890
4896,4460460
4897,2910280
4898,3344890
4899,1537810
4900,4684250
4901,3116350
4902,2365750
4903,3376580
4904,3946090
4905,2850600
4906,4406930
4907,3624840
4908,4869280
4909,2753400
4910,4203630
4911,864930
4912,4906730
4913,905410
4914,1212030
4915,709010
4916,3850230
4917,3890260
4918,4507410
4919,3586760
4920,4430840
4921,3609530
4922,3891200
4923,2931720
4924,4532930
4925,4142520
4926,1982510
4927,4148630
4928,3557990
4929,1244620
4930,3891470
4931,3899460
4932,3050210
4933,4838790
4934,3896040
4935,3788590
4936,3819560
4937,760250
4938,4414410
4939,3119190
4940,2642850
4941,4553110
4942,4794000
4943,2083470
4944,2886380
4945,1959890
4946,4129040
4947,4378370
4948,1505850
4949,1826830
4950,4253020
4951,4018480
4952,2629670
4953,3310870
4954,3982770
4955,3420630
4956,4935810
4957,3745230
4958,4378240
4959,5047180
4960,3620550
4961,968770
4962,3039430
4963,4014180
4964,2050090
4965,1201470
4966,3064250
4967,1530540
4968,2294530
4969,2889330
4970,2658740
4971,1255020
4972,1578450
4973,4499010
4974,660800
4975,2483140
4976,2959460
4977,1966400
4978,5185890
4979,3919430
4980,4293020
4981,4511570
4982,2920940
4983,2848760
4984,1879300
4985,2319400
4986,3339280
4987,2357810
4988,3302570
4989,3738310
4990,1854490
4991,2679710
4992,4427790
4993,1964860
4994,1988900
4995,4429290
4996,3454120
4997,4285280
4998,2626770
4999,4101830
5000,2837590
5001,2182610
5002,2691530
5003,4882180
5004,3967520
5005,3940440
5006,1599490
5007,2282920
5008,4149640
5009,2922140
5010,2416470
5011,3133210
5012,5111590
5013,1431250
5014,4398680
5015,3925240
5016,3256450
5017,1090750
5018,2527610
5019,3119690
5020,2073330
5021,896820
5022,4335630
5023,4129360
5024,1902970
5025,3268020
5026,4390630
5027,4336630
5028,4334690
5029,3917850
5030,3430740
5031,4942330
5032,3533170
5033,2884840
5034,3254380
5035,3361540
5036,4973570
5037,4567120
5038,3046610
5039,4822650
5040,2941520
5041,4300450
5042,1398920
5043,2087980
5044,705570
5045,2935130
5046,2224060
5047,3137010
5048,3563000
5049,4868390
5050,4787970
5051,509950
5052,3883050
5053,4660450
5054,4658220
5055,913170
5056,4132210
5057,2127980
5058,4026590
5059,3448130
5060,3601810
5061,3209530
5062,4512650
5063,4844250
5064,2162310
5065,4908110
5066,4252430
5067,3690670
5068,3622370
5069,4022070
5070,3871570
5071,3938720
5072,3442050
5073,2239230
5074,3582500
5075,2078410
5076,981870
5077,2817050
5078,2669200
5079,3913930
5080,4314660
5081,4800890
5082,4727860
5083,1252720
5084,3731410
5085,2374990
5086,2331530
5087,3017360
5088,3083730
5089,3480330
5090,3065710
5091,3704290
5092,3919130
5093,3926070
5094,1355680
5095,5155860
5096,3305820
5097,1299070
5098,4049330
5099,3648480
5100,3709760
5101,3473270
5102,1947030
5103,1188950
5104,3397260
5105,2576350
5106,1812250
5107,3144750
5108,1562410
5109,3657320
5110,5099440
5111,2641720
5112,4231600
5113,3116870
5114,2960750
5115,3313880
5116,3187960
5117,1680630
5118,4896980
5119,4747280
5120,3650150
5121,2883390
5122,2809380
5123,720830
5124,2008670
5125,2820080
5126,4451800
5127,3800010
5128,2713780
5129,4624510
5130,4065440
5131,2881750
5132,4156040
5133,3605330
5134,4466850
5135,4808850
5136,1961710
5137,5179860
5138,1899120
5139,4991990
5140,4083240
5141,4948940
5142,4976010
5143,3398160
5144,4229480
5145,3689840
5146,4467420
5147,3700360
5148,3235570
5149,5172630
5150,3233300
5151,2511600
5152,4928080
5153,3863050
5154,1526890
5155,3490760
5156,2457640
5157,4096810
5158,3655040
5159,3013750
5160,827210
5161,3872810
5162,3536530
5163,2362780
5164,611820
5165,4583960
5166,1716570
5167,3539880
5168,4236690
5169,4549480
5170,3613550
5171,711610
5172,1795260
5173,3269050
5174,4996280
5175,4277440
5176,3436010
5177,2994490
5178,3670110
5179,4528170
5180,1905960
5181,1520440
5182,2255360
5183,2371990
5184,4746080
5185,3986120
5186,3171790
5187,1714980
5188,2223260
5189,2525040
5190,1811350
5191,4914230
5192,3377230
5193,4005330
5194,1374920
5195,1693890
5196,4459420
5197,1922240
5198,2482560
5199,4743190
5200,2518320
5201,3039960
5202,3999040
5203,5042370
5204,4522410
5205,2591960
5206,2449690
5207,4918010
5208,1667010
5209,3652160
5210,3370640
5211,4456190
5212,2999130
5213,3284330
5214,2120300
5215,3901830
5216,1725290
5217,3608090
5218,3601830
5219,4629700
5220,3485410
5221,2993550
5222,2192070
5223,3965960
5224,4095000
5225,2521500
5226,3559990
5227,3646660
5228,1572960
5229,5063190
5230,3767110
5231,2474170
5232,2365350
5233,4849490
5234,3193920
5235,4189430
5236,3437190
5237,2455380
5238,2342180
5239,3987430
5240,3693380
5241,3257590
5242,1691180
5243,2463510
5244,4394130
5245,4989520
5246,3571380
5247,4561550
5248,2557020
5249,4076560
5250,5038420
5251,3878180
5252,3083210
5253,1748650
5254,3166630
5255,2116860
5256,2113070
5257,4910920
5258,2100510
5259,4557880
5260,2721990
5261,1516130
5262,2976250
5263,646030
5264,1714770
5265,2662310
5266,4887630
5267,2408290
5268,2506060
5269,1598150
5270,616580
5271,3846710
5272,1088610
5273,3025620
5274,4020690
5275,2490890
5276,3256790
5277,438210
5278,2214180
5279,4156160
5280,1409270
5281,4077320
5282,1083230
5283,2820760
5284,1621890
5285,3866420
5286,3319230
5287,3957770
5288,4168440
5289,3907090
5290,2911200
5291,4638740
5292,3367020
5293,2103670
5294,2491810
5295,2906440
5296,3764040
5297,4409740
5298,2974040
5299,3200520
5300,3552020
5301,4273760
5302,3353840
5303,1343460
5304,4151050
5305,4578110
5306,2628740
5307,2815810
5308,4008030
5309,4850180
5310,544300
5311,4240790
5312,4179890
5313,2719630
5314,1734130
5315,3346320
5316,2509440
5317,737340
5318,4596990
5319,2792850
5320,3191070
5321,2681730
5322,1536660
5323,2160010
5324,3934180
5325,3668880
5326,2418340
5327,1303720
5328,2455740
5329,1806210
5330,3789590
5331,3440130
5332,1752210
